{
  "variants": {
    "facing=east,in_wall=false,open=false": {
      "model": "entstupidstuff:block/fungal_fence_gate_red",
      "uvlock": true,
      "y": 270
    },
    "facing=east,in_wall=false,open=true": {
      "model": "entstupidstuff:block/fungal_fence_gate_red_open",
      "uvlock": true,
      "y": 270
    },
    "facing=east,in_wall=true,open=false": {
      "model": "entstupidstuff:block/fungal_fence_gate_red_wall",
      "uvlock": true,
      "y": 270
    },
    "facing=east,in_wall=true,open=true": {
      "model": "entstupidstuff:block/fungal_fence_gate_red_wall_open",
      "uvlock": true,
      "y": 270
    },
    "facing=north,in_wall=false,open=false": {
      "model": "entstupidstuff:block/fungal_fence_gate_red",
      "uvlock": true,
      "y": 180
    },
    "facing=north,in_wall=false,open=true": {
      "model": "entstupidstuff:block/fungal_fence_gate_red_open",
      "uvlock": true,
      "y": 180
    },
    "facing=north,in_wall=true,open=false": {
      "model": "entstupidstuff:block/fungal_fence_gate_red_wall",
      "uvlock": true,
      "y": 180
    },
    "facing=north,in_wall=true,open=true": {
      "model": "entstupidstuff:block/fungal_fence_gate_red_wall_open",
      "uvlock": true,
      "y": 180
    },
    "facing=south,in_wall=false,open=false": {
      "model": "entstupidstuff:block/fungal_fence_gate_red",
      "uvlock": true
    },
    "facing=south,in_wall=false,open=true": {
      "model": "entstupidstuff:block/fungal_fence_gate_red_open",
      "uvlock": true
    },
    "facing=south,in_wall=true,open=false": {
      "model": "entstupidstuff:block/fungal_fence_gate_red_wall",
      "uvlock": true
    },
    "facing=south,in_wall=true,open=true": {
      "model": "entstupidstuff:block/fungal_fence_gate_red_wall_open",
      "uvlock": true
    },
    "facing=west,in_wall=false,open=false": {
      "model": "entstupidstuff:block/fungal_fence_gate_red",
      "uvlock": true,
      "y": 90
    },
    "facing=west,in_wall=false,open=true": {
      "model": "entstupidstuff:block/fungal_fence_gate_red_open",
      "uvlock": true,
      "y": 90
    },
    "facing=west,in_wall=true,open=false": {
      "model": "entstupidstuff:block/fungal_fence_gate_red_wall",
      "uvlock": true,
      "y": 90
    },
    "facing=west,in_wall=true,open=true": {
      "model": "entstupidstuff:block/fungal_fence_gate_red_wall_open",
      "uvlock": true,
      "y": 90
    }
  }
}