{
  "variants": {
    "facing=east,half=bottom,open=false": {
      "model": "entstupidstuff:block/fungal_trapdoor_orange_bottom"
    },
    "facing=east,half=bottom,open=true": {
      "model": "entstupidstuff:block/fungal_trapdoor_orange_open",
      "y": 90
    },
    "facing=east,half=top,open=false": {
      "model": "entstupidstuff:block/fungal_trapdoor_orange_top"
    },
    "facing=east,half=top,open=true": {
      "model": "entstupidstuff:block/fungal_trapdoor_orange_open",
      "y": 90
    },
    "facing=north,half=bottom,open=false": {
      "model": "entstupidstuff:block/fungal_trapdoor_orange_bottom"
    },
    "facing=north,half=bottom,open=true": {
      "model": "entstupidstuff:block/fungal_trapdoor_orange_open"
    },
    "facing=north,half=top,open=false": {
      "model": "entstupidstuff:block/fungal_trapdoor_orange_top"
    },
    "facing=north,half=top,open=true": {
      "model": "entstupidstuff:block/fungal_trapdoor_orange_open"
    },
    "facing=south,half=bottom,open=false": {
      "model": "entstupidstuff:block/fungal_trapdoor_orange_bottom"
    },
    "facing=south,half=bottom,open=true": {
      "model": "entstupidstuff:block/fungal_trapdoor_orange_open",
      "y": 180
    },
    "facing=south,half=top,open=false": {
      "model": "entstupidstuff:block/fungal_trapdoor_orange_top"
    },
    "facing=south,half=top,open=true": {
      "model": "entstupidstuff:block/fungal_trapdoor_orange_open",
      "y": 180
    },
    "facing=west,half=bottom,open=false": {
      "model": "entstupidstuff:block/fungal_trapdoor_orange_bottom"
    },
    "facing=west,half=bottom,open=true": {
      "model": "entstupidstuff:block/fungal_trapdoor_orange_open",
      "y": 270
    },
    "facing=west,half=top,open=false": {
      "model": "entstupidstuff:block/fungal_trapdoor_orange_top"
    },
    "facing=west,half=top,open=true": {
      "model": "entstupidstuff:block/fungal_trapdoor_orange_open",
      "y": 270
    }
  }
}