{
  "variants": {
    "face=ceiling,facing=east,powered=false": {
      "model": "entstupidstuff:block/fungal_button_light_blue",
      "x": 180,
      "y": 270
    },
    "face=ceiling,facing=east,powered=true": {
      "model": "entstupidstuff:block/fungal_button_light_blue_pressed",
      "x": 180,
      "y": 270
    },
    "face=ceiling,facing=north,powered=false": {
      "model": "entstupidstuff:block/fungal_button_light_blue",
      "x": 180,
      "y": 180
    },
    "face=ceiling,facing=north,powered=true": {
      "model": "entstupidstuff:block/fungal_button_light_blue_pressed",
      "x": 180,
      "y": 180
    },
    "face=ceiling,facing=south,powered=false": {
      "model": "entstupidstuff:block/fungal_button_light_blue",
      "x": 180
    },
    "face=ceiling,facing=south,powered=true": {
      "model": "entstupidstuff:block/fungal_button_light_blue_pressed",
      "x": 180
    },
    "face=ceiling,facing=west,powered=false": {
      "model": "entstupidstuff:block/fungal_button_light_blue",
      "x": 180,
      "y": 90
    },
    "face=ceiling,facing=west,powered=true": {
      "model": "entstupidstuff:block/fungal_button_light_blue_pressed",
      "x": 180,
      "y": 90
    },
    "face=floor,facing=east,powered=false": {
      "model": "entstupidstuff:block/fungal_button_light_blue",
      "y": 90
    },
    "face=floor,facing=east,powered=true": {
      "model": "entstupidstuff:block/fungal_button_light_blue_pressed",
      "y": 90
    },
    "face=floor,facing=north,powered=false": {
      "model": "entstupidstuff:block/fungal_button_light_blue"
    },
    "face=floor,facing=north,powered=true": {
      "model": "entstupidstuff:block/fungal_button_light_blue_pressed"
    },
    "face=floor,facing=south,powered=false": {
      "model": "entstupidstuff:block/fungal_button_light_blue",
      "y": 180
    },
    "face=floor,facing=south,powered=true": {
      "model": "entstupidstuff:block/fungal_button_light_blue_pressed",
      "y": 180
    },
    "face=floor,facing=west,powered=false": {
      "model": "entstupidstuff:block/fungal_button_light_blue",
      "y": 270
    },
    "face=floor,facing=west,powered=true": {
      "model": "entstupidstuff:block/fungal_button_light_blue_pressed",
      "y": 270
    },
    "face=wall,facing=east,powered=false": {
      "model": "entstupidstuff:block/fungal_button_light_blue",
      "uvlock": true,
      "x": 90,
      "y": 90
    },
    "face=wall,facing=east,powered=true": {
      "model": "entstupidstuff:block/fungal_button_light_blue_pressed",
      "uvlock": true,
      "x": 90,
      "y": 90
    },
    "face=wall,facing=north,powered=false": {
      "model": "entstupidstuff:block/fungal_button_light_blue",
      "uvlock": true,
      "x": 90
    },
    "face=wall,facing=north,powered=true": {
      "model": "entstupidstuff:block/fungal_button_light_blue_pressed",
      "uvlock": true,
      "x": 90
    },
    "face=wall,facing=south,powered=false": {
      "model": "entstupidstuff:block/fungal_button_light_blue",
      "uvlock": true,
      "x": 90,
      "y": 180
    },
    "face=wall,facing=south,powered=true": {
      "model": "entstupidstuff:block/fungal_button_light_blue_pressed",
      "uvlock": true,
      "x": 90,
      "y": 180
    },
    "face=wall,facing=west,powered=false": {
      "model": "entstupidstuff:block/fungal_button_light_blue",
      "uvlock": true,
      "x": 90,
      "y": 270
    },
    "face=wall,facing=west,powered=true": {
      "model": "entstupidstuff:block/fungal_button_light_blue_pressed",
      "uvlock": true,
      "x": 90,
      "y": 270
    }
  }
}