{
	"credit": "Made with Blockbench",
	"texture_size": [64, 64],
	"textures": {
		"0": "entstupidstuff:item/diamond_shield",
		"particle": "entstupidstuff:item/diamond_shield"
	},
	"elements": [
		{
			"from": [4.83363, -11, -6.90165],
			"to": [5.83363, 11, -2.90165],
			"rotation": {"angle": -45, "axis": "y", "origin": [0, -0.5, -0.25]},
			"faces": {
				"north": {"uv": [11.75, 0.25, 12, 5.25], "texture": "#0"},
				"east": {"uv": [10.75, 0.25, 11.75, 5.25], "texture": "#0"},
				"south": {"uv": [10.5, 0.25, 10.75, 5.25], "texture": "#0"},
				"west": {"uv": [14.5, 0.25, 15.5, 5.25], "texture": "#0"},
				"up": {"uv": [11.75, 0.25, 10.75, 0], "rotation": 90, "texture": "#0"},
				"down": {"uv": [12.75, 0, 11.75, 0.25], "rotation": 270, "texture": "#0"}
			}
		},
		{
			"from": [4.83363, -11, -6.90165],
			"to": [5.83363, 11, -2.90165],
			"rotation": {"angle": -45, "axis": "y", "origin": [0, -0.5, -0.25]},
			"faces": {
				"north": {"uv": [11.75, 0.25, 12, 5.25], "texture": "#0"},
				"east": {"uv": [10.75, 0.25, 11.75, 5.25], "texture": "#0"},
				"south": {"uv": [10.5, 0.25, 10.75, 5.25], "texture": "#0"},
				"west": {"uv": [12, 0.25, 13, 5.25], "texture": "#0"},
				"up": {"uv": [11.75, 0.25, 10.75, 0], "rotation": 90, "texture": "#0"},
				"down": {"uv": [12.75, 0, 11.75, 0.25], "rotation": 270, "texture": "#0"}
			}
		},
		{
			"from": [-6.65165, -11, 4.58363],
			"to": [-2.65165, 11, 5.58363],
			"rotation": {"angle": -45, "axis": "y", "origin": [0, -0.5, -0.25]},
			"faces": {
				"north": {"uv": [14.5, 0.25, 15.5, 5.25], "texture": "#0"},
				"east": {"uv": [14.25, 0.25, 14.5, 5.25], "texture": "#0"},
				"south": {"uv": [11.75, 0.25, 10.75, 5.25], "texture": "#0"},
				"west": {"uv": [13, 0.25, 13.25, 5.25], "texture": "#0"},
				"up": {"uv": [14.25, 0.25, 13.25, 0], "rotation": 180, "texture": "#0"},
				"down": {"uv": [15.25, 0, 14.25, 0.25], "rotation": 180, "texture": "#0"}
			}
		},
		{
			"from": [-6, -11, 1],
			"to": [6, 11, 2],
			"rotation": {"angle": 0, "axis": "y", "origin": [0, -0.5, -0.25]},
			"faces": {
				"north": {"uv": [3.5, 0.25, 6.5, 5.75], "texture": "#0"},
				"east": {"uv": [3.25, 0.25, 3.5, 5.75], "texture": "#0"},
				"south": {"uv": [0.25, 0.25, 3.25, 5.75], "texture": "#0"},
				"west": {"uv": [0, 0.25, 0.25, 5.75], "texture": "#0"},
				"up": {"uv": [3.25, 0.25, 0.25, 0], "rotation": 180, "texture": "#0"},
				"down": {"uv": [6.25, 0, 3.25, 0.25], "rotation": 180, "texture": "#0"}
			}
		},
		{
			"from": [-1, -3, -5],
			"to": [1, 3, 1],
			"rotation": {"angle": 0, "axis": "y", "origin": [0, -0.5, -0.25]},
			"faces": {
				"north": {"uv": [10, 1.5, 10.5, 3], "texture": "#0"},
				"east": {"uv": [8.5, 1.5, 10, 3], "texture": "#0"},
				"south": {"uv": [8, 1.5, 8.5, 3], "texture": "#0"},
				"west": {"uv": [6.5, 1.5, 8, 3], "texture": "#0"},
				"up": {"uv": [8.5, 1.5, 8, 0], "rotation": 180, "texture": "#0"},
				"down": {"uv": [9, 0, 8.5, 1.5], "rotation": 180, "texture": "#0"}
			}
		}
	],
	"gui_light": "front",
	"display": {
		"thirdperson_righthand": {
			"rotation": [45, 135, 0],
			"translation": [3.51, 11, -2]
		},
		"thirdperson_lefthand": {
			"rotation": [45, 135, 0],
			"translation": [13.51, 3, 5]
		},
		"firstperson_righthand": {
			"rotation": [0, 180, -5],
			"translation": [-15, 5, -11],
			"scale": [1.25, 1.25, 1.25]
		},
		"firstperson_lefthand": {
			"rotation": [0, 180, -5],
			"translation": [5, 5, -11],
			"scale": [1.25, 1.25, 1.25]
		},
		"gui": {
			"rotation": [15, -25, -5],
			"translation": [2, 3, 0],
			"scale": [0.65, 0.65, 0.65]
		}
	},
	"groups": [
		{
			"name": "shield",
			"origin": [0, 0, 0],
			"color": 0,
			"children": [
				0,
				1,
				2,
				3,
				4,
				{
					"name": "group",
					"origin": [0, 0, 0],
					"color": 0,
					"children": []
				}
			]
		}
	]
}